{
  "platform": "Tenstorrent Blackhole p150 (one card, device 0)",
  "scope": "optimistic stock-ttnn L1-chunked edge-MLP floor; excludes VJP cache export and aggregation",
  "timestamp_utc": "2026-07-15T18:48:35.485239+00:00",
  "records": [
    {
      "tag": "3x3x3",
      "edges": 9936,
      "baseline": {
        "median_ms": 1.1927715968340635,
        "raw_ms": [
          1.2113,
          1.1845,
          1.193,
          1.1982,
          1.1926,
          1.1881,
          1.1923,
          1.1952
        ]
      },
      "baseline_trace": {
        "median_ms": 1.2005104217678308,
        "raw_ms": [
          1.1646,
          1.1927,
          1.2045,
          1.2922,
          1.1992,
          1.199,
          1.2959,
          1.2018
        ]
      },
      "candidates": [
        {
          "chunk_rows": 2048,
          "timing": {
            "median_ms": 3.488157643005252,
            "raw_ms": [
              3.4974,
              3.5069,
              3.5151,
              3.4908,
              3.459,
              3.4587,
              3.4855,
              3.4802
            ]
          },
          "optimistic_speedup": 0.3419488792961837,
          "pcc": 1.0,
          "traced_timing": {
            "median_ms": 2.0073128398507833,
            "raw_ms": [
              2.0072,
              2.0073,
              2.006,
              2.0073,
              2.0077,
              2.0082,
              2.0087,
              2.006
            ]
          },
          "traced_optimistic_speedup": 0.5980684215904645
        },
        {
          "chunk_rows": 2560,
          "timing": {
            "median_ms": 6.797233829274774,
            "raw_ms": [
              9.0308,
              8.953,
              6.7401,
              6.9088,
              6.8321,
              6.7623,
              2.8482,
              2.8182
            ]
          },
          "optimistic_speedup": 0.17547897082736164,
          "pcc": 1.0,
          "traced_timing": {
            "median_ms": 1.7625547479838133,
            "raw_ms": [
              1.802,
              1.7477,
              1.7716,
              1.7437,
              2.0029,
              1.7518,
              1.7927,
              1.7535
            ]
          },
          "traced_optimistic_speedup": 0.6811195074315252
        },
        {
          "chunk_rows": 8192,
          "timing": {
            "median_ms": 4.007438430562615,
            "raw_ms": [
              3.9785,
              3.9512,
              4.0566,
              3.9527,
              4.0364,
              3.9565,
              4.0991,
              4.0364
            ]
          },
          "optimistic_speedup": 0.2976394066936687,
          "pcc": 1.0,
          "traced_timing": {
            "median_ms": 3.953007748350501,
            "raw_ms": [
              3.9772,
              3.9545,
              3.9775,
              3.9937,
              3.9515,
              3.9039,
              3.9346,
              3.9349
            ]
          },
          "traced_optimistic_speedup": 0.3036954385603661
        }
      ]
    },
    {
      "tag": "4x4x4",
      "edges": 23552,
      "baseline": {
        "median_ms": 2.9739616438746452,
        "raw_ms": [
          2.9587,
          2.963,
          2.9854,
          2.9711,
          3.0053,
          2.9543,
          2.9768,
          2.9769
        ]
      },
      "baseline_trace": {
        "median_ms": 2.9189246706664562,
        "raw_ms": [
          2.9352,
          2.913,
          2.9106,
          2.9198,
          2.918,
          2.9039,
          2.9243,
          2.949
        ]
      },
      "candidates": [
        {
          "chunk_rows": 2048,
          "timing": {
            "median_ms": 7.996016414836049,
            "raw_ms": [
              7.8845,
              7.9464,
              8.0083,
              8.0102,
              7.9948,
              7.9822,
              7.9972,
              8.0043
            ]
          },
          "optimistic_speedup": 0.37193040754101847,
          "pcc": 0.9999871253967285,
          "traced_timing": {
            "median_ms": 4.537007305771112,
            "raw_ms": [
              4.5546,
              4.5486,
              4.5115,
              4.5166,
              4.5158,
              4.5254,
              4.5494,
              4.555
            ]
          },
          "traced_optimistic_speedup": 0.6433590413120029
        },
        {
          "chunk_rows": 2560,
          "timing": {
            "median_ms": 6.7622794304043055,
            "raw_ms": [
              7.3161,
              6.7184,
              6.7531,
              6.7701,
              7.1935,
              8.3237,
              6.7544,
              6.7093
            ]
          },
          "optimistic_speedup": 0.439786860995899,
          "pcc": 0.9999871253967285,
          "traced_timing": {
            "median_ms": 3.8885180838406086,
            "raw_ms": [
              3.8837,
              3.8909,
              3.9252,
              3.9013,
              3.8842,
              3.8861,
              3.8953,
              3.8847
            ]
          },
          "traced_optimistic_speedup": 0.7506522041896987
        },
        {
          "chunk_rows": 8192,
          "timing": {
            "median_ms": 10.711509501561522,
            "raw_ms": [
              10.7541,
              10.6583,
              10.696,
              10.7398,
              10.727,
              10.696,
              10.6187,
              10.7655
            ]
          },
          "optimistic_speedup": 0.27764169405265443,
          "pcc": 0.9999876022338867,
          "traced_timing": {
            "median_ms": 10.675618657842278,
            "raw_ms": [
              10.7117,
              10.6565,
              10.6947,
              10.7255,
              10.6256,
              10.7246,
              10.6032,
              10.6293
            ]
          },
          "traced_optimistic_speedup": 0.27341972060066255
        }
      ]
    },
    {
      "tag": "5x5x5",
      "edges": 46000,
      "baseline": {
        "median_ms": 5.977623630315065,
        "raw_ms": [
          5.9332,
          6.0805,
          6.0624,
          5.9098,
          5.9593,
          5.9959,
          5.928,
          6.0563
        ]
      },
      "baseline_trace": {
        "median_ms": 5.922415526583791,
        "raw_ms": [
          5.9415,
          5.9275,
          5.9345,
          5.9047,
          5.8983,
          5.9042,
          5.9823,
          5.9173
        ]
      },
      "candidates": [
        {
          "chunk_rows": 2048,
          "timing": {
            "median_ms": 15.971930930390954,
            "raw_ms": [
              15.8826,
              15.9388,
              16.4903,
              15.9992,
              15.9523,
              15.9916,
              15.9506,
              16.0034
            ]
          },
          "optimistic_speedup": 0.3742580440878946,
          "pcc": 0.9999899864196777,
          "traced_timing": {
            "median_ms": 9.176816325634718,
            "raw_ms": [
              9.1268,
              9.1773,
              9.1763,
              9.2256,
              9.1822,
              9.1663,
              9.2178,
              9.1699
            ]
          },
          "traced_optimistic_speedup": 0.6453671204075412
        },
        {
          "chunk_rows": 2560,
          "timing": {
            "median_ms": 12.506666127592325,
            "raw_ms": [
              12.2593,
              12.2955,
              12.4158,
              12.4601,
              12.594,
              12.5532,
              12.736,
              12.7625
            ]
          },
          "optimistic_speedup": 0.47795500170322575,
          "pcc": 0.9999899864196777,
          "traced_timing": {
            "median_ms": 7.656443398445845,