{
  "platform": "Tenstorrent Blackhole p150 (one card, device 0)",
  "scope": "optimistic stock-ttnn L1-chunked edge-MLP floor; excludes VJP cache export and aggregation",
  "timestamp_utc": "2026-07-15T18:50:45.822045+00:00",
  "records": [
    {
      "tag": "3x3x3",
      "edges": 9936,
      "baseline": {
        "median_ms": 1.2164819054305553,
        "raw_ms": [
          1.2181,
          1.2349,
          1.1936,
          1.2128,
          1.2092,
          1.2254,
          1.2155,
          1.2174
        ]
      },
      "baseline_trace": {
        "median_ms": 1.1960586998611689,
        "raw_ms": [
          1.2035,
          1.1951,
          1.1997,
          1.1963,
          1.1958,
          1.1974,
          1.1956,
          1.1939
        ]
      },
      "candidates": [
        {
          "chunk_rows": 2560,
          "timing": {
            "median_ms": 2.784974407404661,
            "raw_ms": [
              2.7903,
              2.7778,
              2.7796,
              2.8135,
              2.7914,
              2.7104,
              2.7386,
              2.8517
            ]
          },
          "optimistic_speedup": 0.43680182560966657,
          "pcc": 1.0,
          "traced_timing": {
            "median_ms": 1.7473290208727121,
            "raw_ms": [
              1.7587,
              1.7323,
              1.7676,
              1.732,
              1.7313,
              1.7359,
              1.7687,
              1.767
            ]
          },
          "traced_optimistic_speedup": 0.6845068590824362,
          "traced_cache_contract_timing": {
            "median_ms": 2.876919461414218,
            "raw_ms": [
              2.8953,
              2.876,
              2.8778,
              2.8651,
              2.881,
              2.8696,
              2.879,
              2.8598
            ]
          },
          "traced_cache_contract_speedup": 0.4157428513042968
        }
      ]
    },
    {
      "tag": "4x4x4",
      "edges": 23552,
      "baseline": {
        "median_ms": 3.0310703441500664,
        "raw_ms": [
          3.0386,
          2.9796,
          2.9988,
          3.0298,
          3.0205,
          3.0323,
          3.0412,
          3.0339
        ]
      },
      "baseline_trace": {
        "median_ms": 2.9516778886318207,
        "raw_ms": [
          2.9406,
          2.9611,
          2.9346,
          2.91,
          2.9595,
          3.0121,
          2.9439,
          2.9795
        ]
      },
      "candidates": [
        {
          "chunk_rows": 2560,
          "timing": {
            "median_ms": 6.460677832365036,
            "raw_ms": [
              6.4527,
              6.4745,
              6.4687,
              6.4717,
              6.4726,
              6.4509,
              6.3924,
              6.4121
            ]
          },
          "optimistic_speedup": 0.4691567081345231,
          "pcc": 0.9999871253967285,
          "traced_timing": {
            "median_ms": 3.9215534925460815,
            "raw_ms": [
              3.9135,
              3.9094,
              3.9488,
              3.9297,
              3.8989,
              3.9312,
              3.9701,
              3.9062
            ]
          },
          "traced_optimistic_speedup": 0.7526807664978284,
          "traced_cache_contract_timing": {
            "median_ms": 4.899502964690328,
            "raw_ms": [
              4.902,
              4.897,
              5.1101,
              4.8817,
              4.887,
              4.874,
              4.951,
              4.9036
            ]
          },
          "traced_cache_contract_speedup": 0.6024443519891576
        }
      ]
    },
    {
      "tag": "5x5x5",
      "edges": 46000,
      "baseline": {
        "median_ms": 6.002540001645684,
        "raw_ms": [
          6.3971,
          5.9678,
          5.9563,
          6.0048,
          6.0094,
          6.033,
          5.9617,
          6.0003
        ]
      },
      "baseline_trace": {
        "median_ms": 5.973445950075984,
        "raw_ms": [
          5.8995,
          5.9232,
          6.0691,
          6.0026,
          6.0073,
          5.9187,
          6.055,
          5.9443
        ]
      },
      "candidates": [
        {
          "chunk_rows": 2560,
          "timing": {
            "median_ms": 12.261363910511136,
            "raw_ms": [
              12.1121,
              12.19,
              12.2204,
              12.2599,
              12.3332,
              12.3581,
              12.3534,
              12.2628
            ]
          },
          "optimistic_speedup": 0.4895491272793858,
          "pcc": 0.9999899864196777,
          "traced_timing": {
            "median_ms": 7.6326364651322365,
            "raw_ms": [
              7.6027,
              7.5901,
              7.6754,
              7.6372,
              7.628,
              7.6398,
              7.6241,
              7.6536
            ]
          },
          "traced_optimistic_speedup": 0.7826189518345537,
          "traced_cache_contract_timing": {
            "median_ms": 12.721837032586336,
            "raw_ms": [
              12.7871,
              12.7172,
              12.7907,
              12.8045,
              12.7189,
              12.7225,
              12.7212,
              12.716
            ]
          },
          "traced_cache_contract_speedup": 0.46954271893086724
        }
      ]
    },
    {
      "tag": "6x6x7",
      "edges": 92736,
      "baseline": {
        "median_ms": 14.361906796693802,
        "raw_ms": [
          14.2771,
          14.2286,
          14.0984,
          14.5896,
          14.6601,
          14.1439,
          14.4467,
          14.6735
        ]
      },
      "baseline_trace": {
        "median_ms": 14.20993055216968,
        "raw_ms": [
          14.67,
          14.3638,
          13.9634,
          14.3034,
          14.0081,
          13.9405,
          14.3332,
          14.1165
        ]
      },
      "candidates": [
        {
          "chunk_rows": 2560,
          "timing": {
            "median_ms": 24.666114011779428,
            "raw_ms": [
              24.3878,
              24.6145,
              24.6419,
              24.6757,
              24.6694,
              24.8158,
              24.6628,
              24.8501
            ]
          },
          "optimistic_speedup": 0.5822525100563145,
          "pcc": 1.0,
          "traced_timing": {
            "median_ms": 14.439490856602788,
            "raw_ms": [
              14.45,
              14.4398,
              14.4395,
              14.4395,
              14.4402,
              14.4389,
              14.4263,
              14.4362
            ]
          },
          "traced_optimistic_speedup": 0.9841019114376782,
          "traced_cache_contract_timing": {
            "median_ms": 18.26466992497444,
            "raw_ms": [
              18.2582,
              18.2737,
              18.2586,
              18.2636,
              18.2653,
              18.2857,
              18.2759,
              18.264
            ]
          },
          "traced_cache_contract_speedup": 0.7780009499508963
        }
      ]
    }
  ]
}