{
  "warmup": 10,
  "steps": 40,
  "reps": 3,
  "results": [
    {
      "tag": "3x3x3",
      "N": 216,
      "old_ms": 46.85897962190211,
      "new_ms": 44.94164511561394,
      "speedup": 1.0426627574792993,
      "h200_ms": 16.85,
      "gap_closed_pct": 6.389202600173719,
      "old_runs": [
        46.859,
        46.742,
        46.962
      ],
      "new_runs": [
        45.151,
        44.87,
        44.942
      ]
    },
    {
      "tag": "4x4x4",
      "N": 512,
      "old_ms": 101.60919395275414,
      "new_ms": 94.7239703964442,
      "speedup": 1.0726872356331085,
      "h200_ms": 19.43,
      "gap_closed_pct": 8.378305049168944,
      "old_runs": [
        101.935,
        101.609,
        99.251
      ],
      "new_runs": [
        94.724,
        89.721,
        97.406
      ]
    },
    {
      "tag": "5x5x5",
      "N": 1000,
      "old_ms": 186.72317592427135,
      "new_ms": 172.81821207143366,
      "speedup": 1.0804600608128623,
      "h200_ms": 44.47,
      "gap_closed_pct": 9.774800290040629,
      "old_runs": [
        187.6,
        181.797,
        186.723
      ],
      "new_runs": [
        170.777,
        172.818,
        180.893
      ]
    },
    {
      "tag": "6x6x7",
      "N": 2016,
      "old_ms": 371.6965257190168,
      "new_ms": 356.8990265484899,
      "speedup": 1.0414613043740437,
      "h200_ms": 70.51,
      "gap_closed_pct": 4.913068117905035,
      "old_runs": [
        371.697,
        370.597,
        372.614
      ],
      "new_runs": [
        357.186,
        356.809,
        356.899
      ]
    }
  ]
}