{
  "platform": "Tenstorrent Blackhole p150 (one card, device 0)",
  "model": "orb-v3-conservative-inf-omat",
  "method": "explicitly synchronized additive stage attribution plus normal-path end-to-end",
  "timestamp_utc": "2026-07-14T13:37:44.962059+00:00",
  "records": [
    {
      "tag": "3x3x3",
      "N": 216,
      "edges": 9936,
      "warmup": 5,
      "timed_steps": 12,
      "stages": {
        "host_geometry_ms": {
          "median": 2.773391897790134,
          "min": 1.7740698531270027,
          "max": 3.765351139008999,
          "raw": [
            2.7389,
            3.3415,
            2.7552,
            2.6836,
            2.6643,
            3.7654,
            2.9318,
            2.8295,
            2.7916,
            2.7165,
            2.8428,
            1.7741
          ],
          "share_of_diagnostic_sum_pct": 5.514284915461834
        },
        "h2d_refresh_ms": {
          "median": 1.519972924143076,
          "min": 1.3567851856350899,
          "max": 1.7041799146682024,
          "raw": [
            1.4518,
            1.5656,
            1.6084,
            1.5383,
            1.6582,
            1.7042,
            1.5016,
            1.4522,
            1.483,
            1.467,
            1.5489,
            1.3568
          ],
          "share_of_diagnostic_sum_pct": 3.0221346554704698
        },
        "trace_replay_ms": {
          "median": 36.845047026872635,
          "min": 36.81213082745671,
          "max": 36.88348294235766,
          "raw": [
            36.8121,
            36.8371,
            36.8835,
            36.8709,
            36.8509,
            36.86,
            36.8355,
            36.815,
            36.8408,
            36.8595,
            36.8391,
            36.8493
          ],
          "share_of_diagnostic_sum_pct": 73.25834015439966
        },
        "d2h_readback_ms": {
          "median": 2.1660965867340565,
          "min": 1.6089929267764091,
          "max": 2.5763059966266155,
          "raw": [
            2.0875,
            1.9367,
            2.0765,
            2.3814,
            2.0867,
            2.2447,
            2.5763,
            2.3638,
            2.4078,
            2.4546,
            1.609,
            2.0103
          ],
          "share_of_diagnostic_sum_pct": 4.3068106397723485
        },
        "host_force_vjp_ms": {
          "median": 6.9408389972522855,
          "min": 3.650949103757739,
          "max": 7.452066987752914,
          "raw": [
            6.9429,
            7.0469,
            6.9877,
            6.8,
            6.9656,
            6.9388,
            7.0761,
            7.4521,
            6.7915,
            6.7805,
            4.2854,
            3.6509
          ],
          "share_of_diagnostic_sum_pct": 13.800344557757752
        },
        "diagnostic_sum_ms": {
          "median": 50.29467900749296,
          "min": 45.64140201546252,
          "max": 51.51305813342333,
          "raw": [
            50.0332,
            50.7278,
            50.3113,
            50.2742,
            50.2258,
            51.5131,
            50.9214,
            50.9126,
            50.3147,
            50.278,
            47.1252,
            45.6414
          ]
        },
        "end_to_end_ms": {
          "median": 50.06579961627722,
          "min": 45.09473708458245,
          "max": 50.97852600738406,
          "raw": [
            45.0947,
            48.8494,
            50.9785,
            50.0838,
            49.9378,
            50.2633,
            50.0478,
            50.6004,
            49.9582,
            48.8214,
            50.8828,
            50.1915
          ]
        }
      }
    },
    {
      "tag": "6x6x7",
      "N": 2016,
      "edges": 92736,
      "warmup": 5,
      "timed_steps": 12,
      "stages": {
        "host_geometry_ms": {
          "median": 27.746814070269465,
          "min": 22.471223026514053,
          "max": 31.97606489993632,
          "raw": [
            22.4712,
            26.4818,
            26.9873,
            26.6275,
            30.1544,
            27.5584,
            27.0792,
            28.121,
            28.3318,
            28.1658,
            27.9352,
            31.9761
          ],
          "share_of_diagnostic_sum_pct": 6.410962289707545
        },
        "h2d_refresh_ms": {
          "median": 9.368474478833377,
          "min": 8.418377954512835,
          "max": 11.789849027991295,
          "raw": [
            8.7991,
            9.5211,
            8.8279,
            9.2069,
            9.8419,
            8.8125,
            8.4184,
            9.6899,
            11.7898,
            9.6484,
            9.2159,
            10.7386
          ],
          "share_of_diagnostic_sum_pct": 2.164606590283936
        },
        "trace_replay_ms": {
          "median": 343.63065706565976,
          "min": 342.54116704687476,
          "max": 345.7861030474305,
          "raw": [
            345.7861,
            343.4974,
            343.0711,
            344.4644,
            344.2845,
            343.0146,
            342.5412,
            343.6081,
            343.6532,
            343.4359,
            344.0859,
            343.7275
          ],
          "share_of_diagnostic_sum_pct": 79.39661751638269
        },
        "d2h_readback_ms": {
          "median": 15.094551024958491,
          "min": 12.553804088383913,
          "max": 17.604849999770522,
          "raw": [
            12.5538,
            15.5491,
            14.6865,
            15.1794,
            15.0097,
            17.6048,
            14.9866,
            16.4501,
            15.3008,
            15.9247,
            13.3113,
            12.5695
          ],
          "share_of_diagnostic_sum_pct": 3.487629143872209
        },
        "host_force_vjp_ms": {
          "median": 35.69262602832168,
          "min": 33.02911692298949,
          "max": 39.57693697884679,
          "raw": [
            33.4333,
            34.0331,
            34.2863,
            38.1644,
            33.7125,
            34.7402,
            39.5769,
            36.645,
            33.0291,
            37.0221,
            39.018,
            38.2645
          ],
          "share_of_diagnostic_sum_pct": 8.246859582102
        },
        "diagnostic_sum_ms": {
          "median": 432.80264048371464,
          "min": 423.0435120407492,
          "max": 437.2762788552791,
          "raw": [
            423.0435,
            429.0825,
            427.8592,
            433.6426,
            433.003,
            431.7306,
            432.6023,
            434.5141,
            432.1048,
            434.1968,
            433.5663,
            437.2763
          ]
        },
        "end_to_end_ms": {
          "median": 437.1626089559868,
          "min": 432.4957861099392,
          "max": 445.9502410609275,
          "raw": [
            442.6712,
            436.2205,
            436.0083,
            433.8569,
            438.1047,
            434.641,
            442.1718,
            445.9502,
            438.3129,
            440.0366,
            435.0513,
            432.4958
          ]
        }
      }
    }
  ]
}