{
  "platform": "Tenstorrent Blackhole p150 (one card, device 0)",
  "model": "orb-v3-conservative-inf-omat",
  "method": "explicitly synchronized additive stage attribution plus normal-path end-to-end",
  "timestamp_utc": "2026-07-14T13:32:52.772800+00:00",
  "records": [
    {
      "tag": "3x3x3",
      "N": 216,
      "edges": 9936,
      "warmup": 5,
      "timed_steps": 12,
      "stages": {
        "host_geometry_ms": {
          "median": 2.1579910535365343,
          "min": 2.081759972497821,
          "max": 2.242308109998703,
          "raw": [
            2.0818,
            2.1354,
            2.2423,
            2.1355,
            2.2,
            2.101,
            2.1345,
            2.2418,
            2.153,
            2.2274,
            2.2421,
            2.163
          ],
          "share_of_diagnostic_sum_pct": 4.5253212434561
        },
        "h2d_refresh_ms": {
          "median": 1.1360159842297435,
          "min": 1.1182629968971014,
          "max": 1.1914288625121117,
          "raw": [
            1.1397,
            1.1516,
            1.1914,
            1.1463,
            1.1295,
            1.1551,
            1.1685,
            1.1225,
            1.1324,
            1.1215,
            1.1183,
            1.1257
          ],
          "share_of_diagnostic_sum_pct": 2.382232891056568
        },
        "trace_replay_ms": {
          "median": 36.835234495811164,
          "min": 36.799127003178,
          "max": 36.868666065856814,
          "raw": [
            36.8282,
            36.862,
            36.8687,
            36.8253,
            36.837,
            36.8359,
            36.8379,
            36.8345,
            36.8185,
            36.7991,
            36.8085,
            36.864
          ],
          "share_of_diagnostic_sum_pct": 77.2437257783836
        },
        "d2h_readback_ms": {
          "median": 1.5358225209638476,
          "min": 1.2407309841364622,
          "max": 5.010870052501559,
          "raw": [
            1.4296,
            1.9465,
            1.5646,
            1.8522,
            1.7824,
            1.507,
            5.0109,
            1.2407,
            1.4146,
            1.4455,
            1.3251,
            1.6838
          ],
          "share_of_diagnostic_sum_pct": 3.2206297931152834
        },
        "host_force_vjp_ms": {
          "median": 5.936431931331754,
          "min": 5.819450132548809,
          "max": 6.2479740008711815,
          "raw": [
            5.8686,
            5.9324,
            5.8195,
            6.1349,
            5.9405,
            5.9446,
            6.1244,
            6.248,
            5.8975,
            5.8715,
            5.8758,
            5.9415
          ],
          "share_of_diagnostic_sum_pct": 12.448736284221997
        },
        "diagnostic_sum_ms": {
          "median": 47.687024576589465,
          "min": 47.34779614955187,
          "max": 51.27627891488373,
          "raw": [
            47.3478,
            48.0279,
            47.6865,
            48.0941,
            47.8893,
            47.5435,
            51.2763,
            47.6876,
            47.4159,
            47.4649,
            47.3698,
            47.7781
          ]
        },
        "end_to_end_ms": {
          "median": 48.62274951301515,
          "min": 47.282836167141795,
          "max": 51.45972897298634,
          "raw": [
            48.2757,
            47.2828,
            47.8859,
            47.7944,
            47.9628,
            47.8074,
            48.9698,
            50.6583,
            50.6181,
            50.5388,
            51.4597,
            50.489
          ]
        }
      }
    },
    {
      "tag": "6x6x7",
      "N": 2016,
      "edges": 92736,
      "warmup": 5,
      "timed_steps": 12,
      "stages": {
        "host_geometry_ms": {
          "median": 23.270124453119934,
          "min": 17.51943095587194,
          "max": 25.496191810816526,
          "raw": [
            17.5194,
            23.0441,
            24.9911,
            25.4962,
            25.1496,
            24.4562,
            23.2586,
            22.684,
            24.1108,
            23.2816,
            22.8085,
            22.8137
          ],
          "share_of_diagnostic_sum_pct": 4.886437838986648
        },
        "h2d_refresh_ms": {
          "median": 11.086214566603303,
          "min": 8.28070379793644,
          "max": 14.787396881729364,
          "raw": [
            8.5076,
            8.4279,
            14.7874,
            14.2727,
            14.5352,
            11.1739,
            8.2807,
            10.9985,
            14.6588,
            8.4045,
            13.0431,
            8.4609
          ],
          "share_of_diagnostic_sum_pct": 2.327967710637329
        },
        "trace_replay_ms": {
          "median": 343.5396420536563,
          "min": 342.58775785565376,
          "max": 344.84853805042803,
          "raw": [
            343.5559,
            343.492,
            344.1627,
            344.0888,
            344.8485,
            342.5878,
            344.7739,
            343.8577,
            343.5234,
            343.3885,
            343.2677,
            343.045
          ],
          "share_of_diagnostic_sum_pct": 72.13906868030719
        },
        "d2h_readback_ms": {
          "median": 15.02385945059359,
          "min": 11.347519000992179,
          "max": 18.129703123122454,
          "raw": [
            11.3475,
            16.2661,
            15.3229,
            18.1297,
            14.6943,
            15.1103,
            15.3547,
            15.1765,
            14.6992,
            14.415,
            14.9374,
            14.1811
          ],
          "share_of_diagnostic_sum_pct": 3.1548243523534243
        },
        "host_force_vjp_ms": {
          "median": 81.5908134682104,
          "min": 78.50338006392121,
          "max": 86.23094693757594,
          "raw": [
            78.7544,
            84.4886,
            84.5299,
            85.2521,
            84.022,
            83.4554,
            78.8953,
            86.2309,
            79.7263,
            78.5034,
            79.6493,
            79.2851
          ],
          "share_of_diagnostic_sum_pct": 17.133059990631494
        },
        "diagnostic_sum_ms": {
          "median": 476.218571071513,
          "min": 459.6848809160292,
          "max": 487.2394809499383,
          "raw": [
            459.6849,
            475.7187,
            483.794,
            487.2395,
            483.2495,
            476.7836,
            470.5632,
            478.9476,
            476.7185,
            467.993,
            473.706,
            467.786
          ]
        },
        "end_to_end_ms": {
          "median": 469.71959702204913,
          "min": 465.62449517659843,
          "max": 475.47758207656443,
          "raw": [
            470.2667,
            465.6245,
            470.7464,
            468.0222,
            467.1671,
            468.1709,
            466.3609,
            471.479,
            473.8299,
            469.1725,
            473.9694,
            475.4776
          ]
        }
      }
    }
  ]
}