{
  "platform": "Tenstorrent Blackhole p150 (one card, device 0)",
  "model": "orb-v3-conservative-inf-omat",
  "method": "explicitly synchronized additive stage attribution plus normal-path end-to-end",
  "fast": false,
  "scatter_ablation": true,
  "timestamp_utc": "2026-07-14T14:02:54.292446+00:00",
  "records": [
    {
      "tag": "6x6x7",
      "N": 2016,
      "edges": 92736,
      "warmup": 5,
      "timed_steps": 12,
      "stages": {
        "host_geometry_ms": {
          "median": 25.3370339050889,
          "min": 21.10586198978126,
          "max": 31.319994945079088,
          "raw": [
            21.1059,
            25.8998,
            26.2348,
            31.32,
            24.8103,
            25.4013,
            25.2709,
            25.2738,
            24.2942,
            25.2382,
            29.5423,
            25.4002
          ],
          "share_of_diagnostic_sum_pct": 6.627806096501124
        },
        "h2d_refresh_ms": {
          "median": 12.881218921393156,
          "min": 8.558031171560287,
          "max": 18.047179095447063,
          "raw": [
            17.3587,
            17.8226,
            17.5257,
            15.1606,
            8.7619,
            8.7259,
            13.3263,
            10.2526,
            8.558,
            8.8113,
            12.4362,
            18.0472
          ],
          "share_of_diagnostic_sum_pct": 3.3695428445721864
        },
        "trace_replay_ms": {
          "median": 290.0066350121051,
          "min": 289.02328107506037,
          "max": 291.3719490170479,
          "raw": [
            290.21,
            289.2182,
            291.3719,
            289.4934,
            290.5041,
            291.2905,
            289.7058,
            289.7078,
            290.9743,
            289.8033,
            289.0233,
            290.4286
          ],
          "share_of_diagnostic_sum_pct": 75.86159259047896
        },
        "d2h_readback_ms": {
          "median": 17.36287004314363,
          "min": 13.52253882214427,
          "max": 29.09699222072959,
          "raw": [
            26.2447,
            29.097,
            28.794,
            14.3055,
            13.5225,
            13.5419,
            18.8911,
            14.5462,
            14.1747,
            15.8347,
            28.2227,
            28.1229
          ],
          "share_of_diagnostic_sum_pct": 4.541878751703091
        },
        "host_force_vjp_ms": {
          "median": 33.550631487742066,
          "min": 32.39046013914049,
          "max": 38.515971042215824,
          "raw": [
            36.0144,
            36.7681,
            38.516,
            33.4998,
            32.3905,
            33.4313,
            33.5944,
            32.9543,
            33.3053,
            34.8831,
            36.5326,
            33.5069
          ],
          "share_of_diagnostic_sum_pct": 8.776365882008683
        },
        "diagnostic_sum_ms": {
          "median": 382.283873972483,
          "min": 369.98933809809387,
          "max": 402.44242595508695,
          "raw": [
            390.9336,
            398.8058,
            402.4424,
            383.7793,
            369.9893,
            372.3909,
            380.7884,
            372.7348,
            371.3065,
            374.5706,
            395.757,
            395.5058
          ]
        },
        "end_to_end_ms": {
          "median": 392.9056825581938,
          "min": 385.512727079913,
          "max": 412.07857499830425,
          "raw": [
            391.4899,
            403.4987,
            401.3006,
            412.0786,
            389.7324,
            385.5127,
            394.3215,
            388.9669,
            391.4129,
            390.2081,
            401.8914,
            402.4671
          ]
        }
      }
    }
  ]
}